[
  { "id": "atlanta", "name": "Atlanta", "timezone": "America/New_York" },
  { "id": "baltimore", "name": "Baltimore", "timezone": "America/New_York" },
  { "id": "boston", "name": "Boston", "timezone": "America/New_York" },
  { "id": "buffalo", "name": "Buffalo", "timezone": "America/New_York" },
  { "id": "calgary", "name": "Calgary", "timezone": "America/Edmonton" },
  { "id": "charlotte", "name": "Charlotte", "timezone": "America/New_York" },
  { "id": "chicago", "name": "Chicago", "timezone": "America/Chicago" },
  { "id": "cincinnati", "name": "Cincinnati", "timezone": "America/New_York" },
  { "id": "cleveland", "name": "Cleveland", "timezone": "America/New_York" },
  { "id": "columbus", "name": "Columbus", "timezone": "America/New_York" },
  { "id": "dallas", "name": "Dallas–Fort Worth", "timezone": "America/Chicago" },
  { "id": "denver", "name": "Denver", "timezone": "America/Denver" },
  { "id": "detroit", "name": "Detroit", "timezone": "America/Detroit" },
  { "id": "edmonton", "name": "Edmonton", "timezone": "America/Edmonton" },
  { "id": "green-bay", "name": "Green Bay", "timezone": "America/Chicago" },
  { "id": "houston", "name": "Houston", "timezone": "America/Chicago" },
  { "id": "indianapolis", "name": "Indianapolis", "timezone": "America/Indiana/Indianapolis" },
  { "id": "jacksonville", "name": "Jacksonville", "timezone": "America/New_York" },
  { "id": "kansas-city", "name": "Kansas City", "timezone": "America/Chicago" },
  { "id": "las-vegas", "name": "Las Vegas", "timezone": "America/Los_Angeles" },
  { "id": "los-angeles", "name": "Los Angeles", "timezone": "America/Los_Angeles" },
  { "id": "memphis", "name": "Memphis", "timezone": "America/Chicago" },
  { "id": "miami", "name": "Miami", "timezone": "America/New_York" },
  { "id": "milwaukee", "name": "Milwaukee", "timezone": "America/Chicago" },
  { "id": "minneapolis", "name": "Minneapolis–St. Paul", "timezone": "America/Chicago" },
  { "id": "montreal", "name": "Montreal", "timezone": "America/Montreal" },
  { "id": "nashville", "name": "Nashville", "timezone": "America/Chicago" },
  { "id": "new-orleans", "name": "New Orleans", "timezone": "America/Chicago" },
  { "id": "new-york", "name": "New York", "timezone": "America/New_York" },
  { "id": "oklahoma-city", "name": "Oklahoma City", "timezone": "America/Chicago" },
  { "id": "orlando", "name": "Orlando", "timezone": "America/New_York" },
  { "id": "ottawa", "name": "Ottawa", "timezone": "America/Toronto" },
  { "id": "philadelphia", "name": "Philadelphia", "timezone": "America/New_York" },
  { "id": "phoenix", "name": "Phoenix", "timezone": "America/Phoenix" },
  { "id": "pittsburgh", "name": "Pittsburgh", "timezone": "America/New_York" },
  { "id": "portland", "name": "Portland", "timezone": "America/Los_Angeles" },
  { "id": "raleigh", "name": "Raleigh", "timezone": "America/New_York" },
  { "id": "sacramento", "name": "Sacramento", "timezone": "America/Los_Angeles" },
  { "id": "salt-lake-city", "name": "Salt Lake City", "timezone": "America/Denver" },
  { "id": "san-antonio", "name": "San Antonio", "timezone": "America/Chicago" },
  { "id": "san-diego", "name": "San Diego", "timezone": "America/Los_Angeles" },
  { "id": "san-francisco", "name": "San Francisco Bay Area", "timezone": "America/Los_Angeles" },
  { "id": "seattle", "name": "Seattle", "timezone": "America/Los_Angeles" },
  { "id": "st-louis", "name": "St. Louis", "timezone": "America/Chicago" },
  { "id": "tampa-bay", "name": "Tampa Bay", "timezone": "America/New_York" },
  { "id": "toronto", "name": "Toronto", "timezone": "America/Toronto" },
  { "id": "vancouver", "name": "Vancouver", "timezone": "America/Vancouver" },
  { "id": "washington-dc", "name": "Washington, D.C.", "timezone": "America/New_York" },
  { "id": "winnipeg", "name": "Winnipeg", "timezone": "America/Winnipeg" }
]
